specimen	asm	ncontig50	contigs	length	BUSCO
drMalDome58	hicanu.purging	1954443	879	654094937	C:97.4%[S:56.9%,D:40.5%],F:0.9%,M:1.7%,n:2326
drMalDome58	hicanu	650558	5992	1634451429	C:98.9%[S:16.9%,D:82.0%],F:0.5%,M:0.6%,n:2326
drMalDome11	hifiasm	37700991	233	676132429	C:98.5%[S:59.8%,D:38.7%],F:0.5%,M:1.0%,n:2326
drMalDome11	hifiasm.purging	37700991	41	648466869	C:98.4%[S:59.9%,D:38.5%],F:0.6%,M:1.0%,n:2326
drMalDome58	hifiasm	2559476	1550	1116818396	C:98.7%[S:30.7%,D:68.0%],F:0.6%,M:0.7%,n:2326
drMalDome58	hifiasm.purging	6117356	306	640846730	C:98.0%[S:58.0%,D:40.0%],F:0.8%,M:1.2%,n:2326
drMalDome5	hicanu	4359834	2064	1265480718	C:98.8%[S:21.5%,D:77.3%],F:0.6%,M:0.6%,n:2326
drMalDome5	hicanu.purging	6256646	244	638040265	C:97.6%[S:57.7%,D:39.9%],F:0.7%,M:1.7%,n:2326
drMalDome10	hicanu.purging	13642266	104	651053183	C:97.9%[S:59.1%,D:38.8%],F:0.7%,M:1.4%,n:2326
drMalDome10	hicanu	8672517	1391	1275388553	C:98.9%[S:21.9%,D:77.0%],F:0.5%,M:0.6%,n:2326
drMalDome10	hifiasm	32837329	290	672320394	C:98.5%[S:59.5%,D:39.0%],F:0.5%,M:1.0%,n:2326
drMalDome10	hifiasm.purging	32837329	53	651867713	C:98.3%[S:59.5%,D:38.8%],F:0.5%,M:1.2%,n:2326
drMalDome5	hifiasm	29384144	457	677821462	C:98.6%[S:58.9%,D:39.7%],F:0.6%,M:0.8%,n:2326
drMalDome5	hifiasm.purging	31493897	67	635207189	C:98.1%[S:59.1%,D:39.0%],F:0.6%,M:1.3%,n:2326
drMalDome11	hicanu	16110080	1174	1285740503	C:98.8%[S:20.0%,D:78.8%],F:0.5%,M:0.7%,n:2326
drMalDome11	hicanu.purging	30329279	71	642961596	C:98.1%[S:59.4%,D:38.7%],F:0.6%,M:1.3%,n:2326
drMalSylv7	hifiasm	8146353	668	684950473	C:98.6%[S:59.3%,D:39.3%],F:0.6%,M:0.8%,n:2326
drMalSylv7	hifiasm.purging	8372347	162	643066904	C:98.4%[S:59.6%,D:38.8%],F:0.6%,M:1.0%,n:2326
drMalSylv7	hicanu	1256421	3862	1251693797	C:98.7%[S:28.2%,D:70.5%],F:0.5%,M:0.8%,n:2326
drMalSylv7	hicanu.purging	2434740	543	636296213	C:98.0%[S:59.4%,D:38.6%],F:0.7%,M:1.3%,n:2326
